{
  "type": "Compass Connections",
  "version": {
    "$numberInt": "1"
  },
  "connections": [
    {
      "id": "943e0704-9d9e-4013-b00b-22fea94b2ca1",
      "lastUsed": {
        "$date": {
          "$numberLong": "1763642435631"
        }
      },
      "favorite": {
        "name": ""
      },
      "savedConnectionType": "recent",
      "connectionOptions": {
        "connectionString": "mongodb://localhost:27017/",
        "oidc": {
          "serializedState": "eyJvaWRjUGx1Z2luU3RhdGVWZXJzaW9uIjoxLCJzdGF0ZSI6W119"
        }
      }
    }
  ]
}